term,term_study_count,atlas,region,mean_z,max_z,voxel_count,is_vmPFC_acc_seed,seed_mean_z,coactivation_proxy,term_columns,coactivation_rank_within_term
fear,363,harvard_oxford_cortical,Frontal Pole,0.30051471456723716,4.8975324630737305,15397,False,3.3616106779233936,1.0102134733623251,terms_abstract_tfidf__fear,29.0
fear,363,harvard_oxford_cortical,Insular Cortex,5.272750752812927,13.032444953918457,2341,False,3.3616106779233936,17.724935232684548,terms_abstract_tfidf__fear,2.0
fear,363,harvard_oxford_cortical,Superior Frontal Gyrus,0.468035838263124,5.470284938812256,5080,False,3.3616106779233936,1.5733542715561442,terms_abstract_tfidf__fear,26.0
fear,363,harvard_oxford_cortical,Middle Frontal Gyrus,0.5096944670667318,5.089841842651367,5316,False,3.3616106779233936,1.7133943629699993,terms_abstract_tfidf__fear,25.0
fear,363,harvard_oxford_cortical,"Inferior Frontal Gyrus, pars triangularis",1.904822243038136,8.346386909484863,1103,False,3.3616106779233936,6.403270791742988,terms_abstract_tfidf__fear,8.0
fear,363,harvard_oxford_cortical,"Inferior Frontal Gyrus, pars opercularis",2.5829021502393865,8.000937461853027,1384,False,3.3616106779233936,8.682711448276015,terms_abstract_tfidf__fear,5.0
fear,363,harvard_oxford_cortical,Precentral Gyrus,0.2789652742385503,4.703770160675049,8573,False,3.3616106779233936,0.9377726446501384,terms_abstract_tfidf__fear,30.0
fear,363,harvard_oxford_cortical,Temporal Pole,0.9204616079415721,13.185304641723633,4711,False,3.3616106779233936,3.094233569874925,terms_abstract_tfidf__fear,21.0
fear,363,harvard_oxford_cortical,"Superior Temporal Gyrus, anterior division",0.2709616245040509,1.804280161857605,521,False,3.3616106779233936,0.9108674902402867,terms_abstract_tfidf__fear,32.0
fear,363,harvard_oxford_cortical,"Superior Temporal Gyrus, posterior division",0.7923145160241857,4.113255500793457,1830,False,3.3616106779233936,2.663452937340608,terms_abstract_tfidf__fear,22.0
fear,363,harvard_oxford_cortical,"Middle Temporal Gyrus, anterior division",0.06891107191946709,2.2438418865203857,848,False,3.3616106779233936,0.2316521951916275,terms_abstract_tfidf__fear,39.0
fear,363,harvard_oxford_cortical,"Middle Temporal Gyrus, posterior division",0.33069518411513604,3.5077009201049805,2525,False,3.3616106779233936,1.111668462059284,terms_abstract_tfidf__fear,28.0
fear,363,harvard_oxford_cortical,"Middle Temporal Gyrus, temporooccipital part",1.0520485408619016,4.8975324630737305,2004,False,3.3616106779233936,3.536577608655094,terms_abstract_tfidf__fear,17.0
fear,363,harvard_oxford_cortical,"Inferior Temporal Gyrus, anterior division",0.0,0.0,647,False,3.3616106779233936,0.0,terms_abstract_tfidf__fear,43.0
fear,363,harvard_oxford_cortical,"Inferior Temporal Gyrus, posterior division",0.031110085071238136,3.5077009201049805,1942,False,3.3616106779233936,0.10457999416657927,terms_abstract_tfidf__fear,40.0
fear,363,harvard_oxford_cortical,"Inferior Temporal Gyrus, temporooccipital part",1.0431068442609845,5.470284938812256,1470,False,3.3616106779233936,3.5065191058827,terms_abstract_tfidf__fear,18.0
fear,363,harvard_oxford_cortical,Postcentral Gyrus,0.08305947555200703,4.311685085296631,6895,False,3.3616106779233936,0.27921361991834387,terms_abstract_tfidf__fear,38.0
fear,363,harvard_oxford_cortical,Superior Parietal Lobule,0.18109249583915635,2.6737217903137207,2908,False,3.3616106779233936,0.6087624677047057,terms_abstract_tfidf__fear,36.0
fear,363,harvard_oxford_cortical,"Supramarginal Gyrus, anterior division",1.1014094324750412,5.280745029449463,1742,False,3.3616106779233936,3.7025097089736434,terms_abstract_tfidf__fear,16.0
fear,363,harvard_oxford_cortical,"Supramarginal Gyrus, posterior division",1.0187856085720501,5.089841842651367,2259,False,3.3616106779233936,3.424760580290487,terms_abstract_tfidf__fear,20.0
fear,363,harvard_oxford_cortical,Angular Gyrus,1.0317214427832104,4.8975324630737305,2409,False,3.3616106779233936,3.4682458187025698,terms_abstract_tfidf__fear,19.0
fear,363,harvard_oxford_cortical,"Lateral Occipital Cortex, superior division",0.21917714206752315,3.9131572246551514,9779,False,3.3616106779233936,0.7367882211309185,terms_abstract_tfidf__fear,34.0
fear,363,harvard_oxford_cortical,"Lateral Occipital Cortex, inferior division",2.0509949085997556,6.215627193450928,4089,False,3.3616106779233936,6.894646385115453,terms_abstract_tfidf__fear,6.0
fear,363,harvard_oxford_cortical,Intracalcarine Cortex,0.25249556007979174,3.0947659015655518,1401,False,3.3616106779233936,0.8487917708924757,terms_abstract_tfidf__fear,33.0
fear,363,harvard_oxford_cortical,Frontal Medial Cortex,3.127789511849157,8.174103736877441,976,True,3.3616106779233936,10.514410621328926,terms_abstract_tfidf__fear,
fear,363,harvard_oxford_cortical,Juxtapositional Lobule Cortex (formerly Supplementary Motor Cortex),1.3614967250317898,6.398942470550537,1484,False,3.3616106779233936,4.576821928824595,terms_abstract_tfidf__fear,13.0
fear,363,harvard_oxford_cortical,Subcallosal Cortex,2.0940337379816953,6.762183666229248,1142,True,3.3616106779233936,7.039326173531105,terms_abstract_tfidf__fear,
fear,363,harvard_oxford_cortical,Paracingulate Gyrus,3.89380888187367,9.195267677307129,2944,True,3.3616106779233936,13.089469515099479,terms_abstract_tfidf__fear,
fear,363,harvard_oxford_cortical,"Cingulate Gyrus, anterior division",4.043462939640898,10.188666343688965,2592,True,3.3616106779233936,13.592548193684358,terms_abstract_tfidf__fear,
fear,363,harvard_oxford_cortical,"Cingulate Gyrus, posterior division",0.6700901091840137,5.089841842651367,2412,False,3.3616106779233936,2.252582066203833,terms_abstract_tfidf__fear,23.0
fear,363,harvard_oxford_cortical,Precuneous Cortex,0.3604369259709547,5.089841842651367,5623,False,3.3616106779233936,1.2116486190618452,terms_abstract_tfidf__fear,27.0
fear,363,harvard_oxford_cortical,Cuneal Cortex,0.005013701822472085,0.891933798789978,1227,False,3.3616106779233936,0.01685411358234614,terms_abstract_tfidf__fear,42.0
fear,363,harvard_oxford_cortical,Frontal Orbital Cortex,3.6489583182715477,12.260671615600586,3148,True,3.3616106779233936,12.266377245999024,terms_abstract_tfidf__fear,
fear,363,harvard_oxford_cortical,"Parahippocampal Gyrus, anterior division",3.093392294473373,14.121426582336426,1248,False,3.3616106779233936,10.398780568107638,terms_abstract_tfidf__fear,4.0
fear,363,harvard_oxford_cortical,"Parahippocampal Gyrus, posterior division",1.277264783269083,4.311685085296631,710,False,3.3616106779233936,4.293666933972859,terms_abstract_tfidf__fear,14.0
fear,363,harvard_oxford_cortical,Lingual Gyrus,0.27817194431323833,3.5077009201049805,3381,False,3.3616106779233936,0.9351057783020936,terms_abstract_tfidf__fear,31.0
fear,363,harvard_oxford_cortical,"Temporal Fusiform Cortex, anterior division",0.015990660107526623,2.4599361419677734,610,False,3.3616106779233936,0.05375437376450514,terms_abstract_tfidf__fear,41.0
fear,363,harvard_oxford_cortical,"Temporal Fusiform Cortex, posterior division",0.6685570243797457,5.845443248748779,1594,False,3.3616106779233936,2.247428431955644,terms_abstract_tfidf__fear,24.0
fear,363,harvard_oxford_cortical,Temporal Occipital Fusiform Cortex,3.237071443123425,7.121106147766113,1469,False,3.3616106779233936,10.881773928404595,terms_abstract_tfidf__fear,3.0
fear,363,harvard_oxford_cortical,Occipital Fusiform Gyrus,1.6443811722042025,6.581117630004883,1806,False,3.3616106779233936,5.527769307057834,terms_abstract_tfidf__fear,11.0
fear,363,harvard_oxford_cortical,Frontal Opercular Cortex,6.630238525970707,11.791306495666504,687,False,3.3616106779233936,22.28828062608219,terms_abstract_tfidf__fear,1.0
fear,363,harvard_oxford_cortical,Central Opercular Cortex,1.6007947131580538,9.529309272766113,1886,False,3.3616106779233936,5.38124860091543,terms_abstract_tfidf__fear,12.0
fear,363,harvard_oxford_cortical,Parietal Opercular Cortex,1.7149695169456949,4.703770160675049,1119,False,3.3616106779233936,5.765059840477773,terms_abstract_tfidf__fear,10.0
fear,363,harvard_oxford_cortical,Planum Polare,1.7596276156574449,5.658504486083984,749,False,3.3616106779233936,5.915182981962948,terms_abstract_tfidf__fear,9.0
fear,363,harvard_oxford_cortical,Heschl's Gyrus (includes H1 and H2),1.9525678673426048,4.508504867553711,604,False,3.3616106779233936,6.5637729922290085,terms_abstract_tfidf__fear,7.0
fear,363,harvard_oxford_cortical,Planum Temporale,1.2620411220343173,4.703770160675049,952,False,3.3616106779233936,4.242490911808981,terms_abstract_tfidf__fear,15.0
fear,363,harvard_oxford_cortical,Supracalcarine Cortex,0.1016892818198807,1.3540401458740234,261,False,3.3616106779233936,0.3418397755960722,terms_abstract_tfidf__fear,37.0
fear,363,harvard_oxford_cortical,Occipital Pole,0.2069111536959521,4.703770160675049,5276,False,3.3616106779233936,0.695554743645761,terms_abstract_tfidf__fear,35.0
fear,363,harvard_oxford_subcortical,Left Cerebral White Matter,0.7000314086440045,14.121426582336426,31371,False,,,terms_abstract_tfidf__fear,
fear,363,harvard_oxford_subcortical,Left Cerebral Cortex,0.9934634400276026,14.121426582336426,65070,False,,,terms_abstract_tfidf__fear,
fear,363,harvard_oxford_subcortical,Left Lateral Ventricle,0.20024523306882017,4.703770160675049,1145,False,,,terms_abstract_tfidf__fear,
fear,363,harvard_oxford_subcortical,Left Thalamus,3.0337751513173594,7.475933074951172,1321,False,,,terms_abstract_tfidf__fear,
fear,363,harvard_oxford_subcortical,Left Caudate,1.4147181366197383,5.470284938812256,487,False,,,terms_abstract_tfidf__fear,
fear,363,harvard_oxford_subcortical,Left Putamen,2.751198591014023,10.997682571411133,799,False,,,terms_abstract_tfidf__fear,
fear,363,harvard_oxford_subcortical,Left Pallidum,4.122650188788046,10.188666343688965,267,False,,,terms_abstract_tfidf__fear,
fear,363,harvard_oxford_subcortical,Brain-Stem,0.36694610651224424,7.121106147766113,4890,False,,,terms_abstract_tfidf__fear,
fear,363,harvard_oxford_subcortical,Left Hippocampus,5.86392687854132,14.121426582336426,691,False,,,terms_abstract_tfidf__fear,
fear,363,harvard_oxford_subcortical,Left Amygdala,13.59767428878086,14.121426582336426,306,False,,,terms_abstract_tfidf__fear,
fear,363,harvard_oxford_subcortical,Left Accumbens,3.912964348042949,5.658504486083984,89,False,,,terms_abstract_tfidf__fear,
fear,363,harvard_oxford_subcortical,Right Cerebral White Matter,0.7300605788379827,14.121426582336426,31361,False,,,terms_abstract_tfidf__fear,
fear,363,harvard_oxford_subcortical,Right Cerebral Cortex,1.0541356019083676,14.121426582336426,64054,False,,,terms_abstract_tfidf__fear,
fear,363,harvard_oxford_subcortical,Right Lateral Ventricle,0.18695021169927334,5.280745029449463,1019,False,,,terms_abstract_tfidf__fear,
fear,363,harvard_oxford_subcortical,Right Thalamus,2.924193191126465,6.762183666229248,1283,False,,,terms_abstract_tfidf__fear,
fear,363,harvard_oxford_subcortical,Right Caudate,1.1199386913307492,5.470284938812256,511,False,,,terms_abstract_tfidf__fear,
fear,363,harvard_oxford_subcortical,Right Putamen,2.9385044764933275,12.416051864624023,796,False,,,terms_abstract_tfidf__fear,
fear,363,harvard_oxford_subcortical,Right Pallidum,4.12680855135505,10.514216423034668,260,False,,,terms_abstract_tfidf__fear,
fear,363,harvard_oxford_subcortical,Right Hippocampus,5.348717373907566,14.121426582336426,700,False,,,terms_abstract_tfidf__fear,
fear,363,harvard_oxford_subcortical,Right Amygdala,13.587052609751133,14.121426582336426,366,False,,,terms_abstract_tfidf__fear,
fear,363,harvard_oxford_subcortical,Right Accumbens,3.2498812661284493,5.089841842651367,84,False,,,terms_abstract_tfidf__fear,
threat,228,harvard_oxford_cortical,Frontal Pole,0.5870862850866017,5.319850444793701,15397,False,2.4951846645384195,1.464888695308919,terms_abstract_tfidf__threat,23.0
threat,228,harvard_oxford_cortical,Insular Cortex,3.577029598365223,12.443557739257812,2341,False,2.4951846645384195,8.925349398440927,terms_abstract_tfidf__threat,2.0
threat,228,harvard_oxford_cortical,Superior Frontal Gyrus,0.612350792361526,6.6259636878967285,5080,False,2.4951846645384195,1.5279283064184297,terms_abstract_tfidf__threat,22.0
threat,228,harvard_oxford_cortical,Middle Frontal Gyrus,0.8131064030463037,5.9812211990356445,5316,False,2.4951846645384195,2.028850627519132,terms_abstract_tfidf__threat,17.0
threat,228,harvard_oxford_cortical,"Inferior Frontal Gyrus, pars triangularis",2.5563863045717516,6.6259636878967285,1103,False,2.4951846645384195,6.378655903803476,terms_abstract_tfidf__threat,3.0
threat,228,harvard_oxford_cortical,"Inferior Frontal Gyrus, pars opercularis",2.4023958066467603,6.837496757507324,1384,False,2.4951846645384195,5.994421174896402,terms_abstract_tfidf__threat,5.0
threat,228,harvard_oxford_cortical,Precentral Gyrus,0.4271217590658748,5.542278289794922,8573,False,2.4951846645384195,1.0657476631118443,terms_abstract_tfidf__threat,30.0
threat,228,harvard_oxford_cortical,Temporal Pole,0.3912128726784729,10.416622161865234,4711,False,2.4951846645384195,0.9761483604773468,terms_abstract_tfidf__threat,31.0
threat,228,harvard_oxford_cortical,"Superior Temporal Gyrus, anterior division",0.1403507319155673,1.6664888858795166,521,False,2.4951846645384195,0.3502009939324664,terms_abstract_tfidf__threat,37.0
threat,228,harvard_oxford_cortical,"Superior Temporal Gyrus, posterior division",0.520404613636882,3.9381630420684814,1830,False,2.4951846645384195,1.298505611301789,terms_abstract_tfidf__threat,26.0
threat,228,harvard_oxford_cortical,"Middle Temporal Gyrus, anterior division",0.05441420075466048,1.1166125535964966,848,False,2.4951846645384195,0.13577347925614372,terms_abstract_tfidf__threat,39.0
threat,228,harvard_oxford_cortical,"Middle Temporal Gyrus, posterior division",0.2221375295195249,3.2118844985961914,2525,False,2.4951846645384195,0.5542741570755689,terms_abstract_tfidf__threat,36.0
threat,228,harvard_oxford_cortical,"Middle Temporal Gyrus, temporooccipital part",0.834233081269407,3.6990067958831787,2004,False,2.4951846645384195,2.081565591034057,terms_abstract_tfidf__threat,15.0
threat,228,harvard_oxford_cortical,"Inferior Temporal Gyrus, anterior division",0.0,0.0,647,False,2.4951846645384195,0.0,terms_abstract_tfidf__threat,42.0
threat,228,harvard_oxford_cortical,"Inferior Temporal Gyrus, posterior division",0.016241965775141143,1.9341514110565186,1942,False,2.4951846645384195,0.040526703924090045,terms_abstract_tfidf__threat,41.0
threat,228,harvard_oxford_cortical,"Inferior Temporal Gyrus, temporooccipital part",0.8875286638736725,5.762709140777588,1470,False,2.4951846645384195,2.214547911435861,terms_abstract_tfidf__threat,13.0
threat,228,harvard_oxford_cortical,Postcentral Gyrus,0.025938066734275237,1.6664888858795166,6895,False,2.4951846645384195,0.0647202663431377,terms_abstract_tfidf__threat,40.0
threat,228,harvard_oxford_cortical,Superior Parietal Lobule,0.2546263412358508,2.7118890285491943,2908,False,2.4951846645384195,0.6353397418392216,terms_abstract_tfidf__threat,35.0
threat,228,harvard_oxford_cortical,"Supramarginal Gyrus, anterior division",0.4666276883791563,3.4569664001464844,1742,False,2.4951846645384195,1.1643222520926833,terms_abstract_tfidf__threat,28.0
threat,228,harvard_oxford_cortical,"Supramarginal Gyrus, posterior division",0.8389295865445604,4.17457914352417,2259,False,2.4951846645384195,2.0932842389735438,terms_abstract_tfidf__threat,14.0
threat,228,harvard_oxford_cortical,Angular Gyrus,1.0278255593336287,4.639710426330566,2409,False,2.4951846645384195,2.564614573469894,terms_abstract_tfidf__threat,10.0
threat,228,harvard_oxford_cortical,"Lateral Occipital Cortex, superior division",0.35831538839005705,3.6990067958831787,9779,False,2.4951846645384195,0.894063062178998,terms_abstract_tfidf__threat,34.0
threat,228,harvard_oxford_cortical,"Lateral Occipital Cortex, inferior division",1.1585587470535545,6.19788932800293,4089,False,2.4951846645384195,2.8908180186148753,terms_abstract_tfidf__threat,9.0
threat,228,harvard_oxford_cortical,Intracalcarine Cortex,0.7549865863137718,3.2118844985961914,1401,False,2.4951846645384195,1.883830952102335,terms_abstract_tfidf__threat,19.0
threat,228,harvard_oxford_cortical,Frontal Medial Cortex,1.9004440509149285,5.762709140777588,976,True,2.4951846645384195,4.741958851656201,terms_abstract_tfidf__threat,
threat,228,harvard_oxford_cortical,Juxtapositional Lobule Cortex (formerly Supplementary Motor Cortex),1.5979351393296068,6.412781715393066,1484,False,2.4951846645384195,3.9871432545822976,terms_abstract_tfidf__threat,7.0
threat,228,harvard_oxford_cortical,Subcallosal Cortex,2.029277327286174,5.762709140777588,1142,True,2.4951846645384195,5.0634216671399725,terms_abstract_tfidf__threat,
threat,228,harvard_oxford_cortical,Paracingulate Gyrus,3.068818852831812,8.075094223022461,2944,True,2.4951846645384195,7.657269739832322,terms_abstract_tfidf__threat,
threat,228,harvard_oxford_cortical,"Cingulate Gyrus, anterior division",2.895785504170222,7.872344493865967,2592,True,2.4951846645384195,7.225519581798194,terms_abstract_tfidf__threat,
threat,228,harvard_oxford_cortical,"Cingulate Gyrus, posterior division",0.3697876979660237,3.6990067958831787,2412,False,2.4951846645384195,0.9226885930997871,terms_abstract_tfidf__threat,32.0
threat,228,harvard_oxford_cortical,Precuneous Cortex,0.539321516674438,3.9381630420684814,5623,False,2.4951846645384195,1.3457067776616591,terms_abstract_tfidf__threat,24.0
threat,228,harvard_oxford_cortical,Cuneal Cortex,0.4473045374575726,2.456576108932495,1227,False,2.4951846645384195,1.1161074222425862,terms_abstract_tfidf__threat,29.0
threat,228,harvard_oxford_cortical,Frontal Orbital Cortex,2.581597587488961,11.350107192993164,3148,True,2.4951846645384195,6.441562710311836,terms_abstract_tfidf__threat,
threat,228,harvard_oxford_cortical,"Parahippocampal Gyrus, anterior division",2.1294985418327346,12.802210807800293,1248,False,2.4951846645384195,5.313492104737965,terms_abstract_tfidf__threat,6.0
threat,228,harvard_oxford_cortical,"Parahippocampal Gyrus, posterior division",0.9601198013399689,3.9381630420684814,710,False,2.4951846645384195,2.395676204423164,terms_abstract_tfidf__threat,12.0
threat,228,harvard_oxford_cortical,Lingual Gyrus,0.3609955118662223,2.9635887145996094,3381,False,2.4951846645384195,0.9007504651757949,terms_abstract_tfidf__threat,33.0
threat,228,harvard_oxford_cortical,"Temporal Fusiform Cortex, anterior division",0.0,0.0,610,False,2.4951846645384195,0.0,terms_abstract_tfidf__threat,42.0
threat,228,harvard_oxford_cortical,"Temporal Fusiform Cortex, posterior division",0.520860209219728,4.868659973144531,1594,False,2.4951846645384195,1.2996424064133378,terms_abstract_tfidf__threat,25.0
threat,228,harvard_oxford_cortical,Temporal Occipital Fusiform Cortex,2.4587434460874964,6.19788932800293,1469,False,2.4951846645384195,6.135018940711867,terms_abstract_tfidf__threat,4.0
threat,228,harvard_oxford_cortical,Occipital Fusiform Gyrus,0.8154515932630727,5.9812211990356445,1806,False,2.4951846645384195,2.0347023101834396,terms_abstract_tfidf__threat,16.0
threat,228,harvard_oxford_cortical,Frontal Opercular Cortex,6.675007577112495,12.623229026794434,687,False,2.4951846645384195,16.65537654208885,terms_abstract_tfidf__threat,1.0
threat,228,harvard_oxford_cortical,Central Opercular Cortex,0.7057438699779429,6.412781715393066,1886,False,2.4951846645384195,1.7609612814609594,terms_abstract_tfidf__threat,21.0
threat,228,harvard_oxford_cortical,Parietal Opercular Cortex,0.9766333875004152,3.6990067958831787,1119,False,2.4951846645384195,2.4368806513672436,terms_abstract_tfidf__threat,11.0
threat,228,harvard_oxford_cortical,Planum Polare,0.7420375089301605,3.4569664001464844,749,False,2.4951846645384195,1.851520612794827,terms_abstract_tfidf__threat,20.0
threat,228,harvard_oxford_cortical,Heschl's Gyrus (includes H1 and H2),0.8061588958201819,3.2118844985961914,604,False,2.4951846645384195,2.011515314031743,terms_abstract_tfidf__threat,18.0
threat,228,harvard_oxford_cortical,Planum Temporale,0.49502365122071834,2.7118890285491943,952,False,2.4951846645384195,1.2351754231097516,terms_abstract_tfidf__threat,27.0
threat,228,harvard_oxford_cortical,Supracalcarine Cortex,1.200997359222836,3.2118844985961914,261,False,2.4951846645384195,2.9967101928839597,terms_abstract_tfidf__threat,8.0
threat,228,harvard_oxford_cortical,Occipital Pole,0.09163371868392027,2.7118890285491943,5276,False,2.4951846645384195,0.2286430496147455,terms_abstract_tfidf__threat,38.0
threat,228,harvard_oxford_subcortical,Left Cerebral White Matter,0.5794792510907532,13.335177421569824,31371,False,,,terms_abstract_tfidf__threat,
threat,228,harvard_oxford_subcortical,Left Cerebral Cortex,0.8644710399559681,13.335177421569824,65070,False,,,terms_abstract_tfidf__threat,
threat,228,harvard_oxford_subcortical,Left Lateral Ventricle,0.17005969473368215,3.4569664001464844,1145,False,,,terms_abstract_tfidf__threat,
threat,228,harvard_oxford_subcortical,Left Thalamus,2.402694918367558,6.837496757507324,1321,False,,,terms_abstract_tfidf__threat,
threat,228,harvard_oxford_subcortical,Left Caudate,0.7757957012256802,3.6990067958831787,487,False,,,terms_abstract_tfidf__threat,
threat,228,harvard_oxford_subcortical,Left Putamen,2.0645551653916905,8.476722717285156,799,False,,,terms_abstract_tfidf__threat,
threat,228,harvard_oxford_subcortical,Left Pallidum,2.188861112246353,7.668249607086182,267,False,,,terms_abstract_tfidf__threat,
threat,228,harvard_oxford_subcortical,Brain-Stem,0.367289242715192,5.9812211990356445,4890,False,,,terms_abstract_tfidf__threat,
threat,228,harvard_oxford_subcortical,Left Hippocampus,4.08985489210068,13.158169746398926,691,False,,,terms_abstract_tfidf__threat,
threat,228,harvard_oxford_subcortical,Left Amygdala,12.004201684901917,14.121426582336426,306,False,,,terms_abstract_tfidf__threat,
threat,228,harvard_oxford_subcortical,Left Accumbens,2.8763752264922924,4.639710426330566,89,False,,,terms_abstract_tfidf__threat,
threat,228,harvard_oxford_subcortical,Right Cerebral White Matter,0.6108300713840361,10.792632102966309,31361,False,,,terms_abstract_tfidf__threat,
threat,228,harvard_oxford_subcortical,Right Cerebral Cortex,0.834262714967535,11.165124893188477,64054,False,,,terms_abstract_tfidf__threat,
threat,228,harvard_oxford_subcortical,Right Lateral Ventricle,0.24587726680757488,5.9812211990356445,1019,False,,,terms_abstract_tfidf__threat,
threat,228,harvard_oxford_subcortical,Right Thalamus,2.7196449492930994,6.837496757507324,1283,False,,,terms_abstract_tfidf__threat,
threat,228,harvard_oxford_subcortical,Right Caudate,1.3941423625862062,5.762709140777588,511,False,,,terms_abstract_tfidf__threat,
threat,228,harvard_oxford_subcortical,Right Putamen,1.878883372524276,5.9812211990356445,796,False,,,terms_abstract_tfidf__threat,
threat,228,harvard_oxford_subcortical,Right Pallidum,2.564435783257851,6.412781715393066,260,False,,,terms_abstract_tfidf__threat,
threat,228,harvard_oxford_subcortical,Right Hippocampus,4.006919417466436,13.687376976013184,700,False,,,terms_abstract_tfidf__threat,
threat,228,harvard_oxford_subcortical,Right Amygdala,10.955478448033984,14.121426582336426,366,False,,,terms_abstract_tfidf__threat,
threat,228,harvard_oxford_subcortical,Right Accumbens,4.3197874540374395,6.19788932800293,84,False,,,terms_abstract_tfidf__threat,
fear_conditioning,77,harvard_oxford_cortical,Frontal Pole,0.17937850119456414,3.2626678943634033,15397,False,1.7211243169446138,0.3087327003430428,"terms_abstract_tfidf__fear, terms_abstract_tfidf__conditioning",27.0
fear_conditioning,77,harvard_oxford_cortical,Insular Cortex,3.152673557457991,7.788513660430908,2341,False,1.7211243169446138,5.42614312312923,"terms_abstract_tfidf__fear, terms_abstract_tfidf__conditioning",2.0
fear_conditioning,77,harvard_oxford_cortical,Superior Frontal Gyrus,0.14317843204173517,2.858365535736084,5080,False,1.7211243169446138,0.24642788104903224,"terms_abstract_tfidf__fear, terms_abstract_tfidf__conditioning",28.0
fear_conditioning,77,harvard_oxford_cortical,Middle Frontal Gyrus,0.3050324810574923,3.6553401947021484,5316,False,1.7211243169446138,0.5249988206059973,"terms_abstract_tfidf__fear, terms_abstract_tfidf__conditioning",22.0
fear_conditioning,77,harvard_oxford_cortical,"Inferior Frontal Gyrus, pars triangularis",0.45435927459735387,5.483962535858154,1103,False,1.7211243169446138,0.7820087961388209,"terms_abstract_tfidf__fear, terms_abstract_tfidf__conditioning",15.0
fear_conditioning,77,harvard_oxford_cortical,"Inferior Frontal Gyrus, pars opercularis",0.8343300779775388,5.483962535858154,1384,False,1.7211243169446138,1.4359857855654377,"terms_abstract_tfidf__fear, terms_abstract_tfidf__conditioning",9.0
fear_conditioning,77,harvard_oxford_cortical,Precentral Gyrus,0.07672574093082356,2.858365535736084,8573,False,1.7211243169446138,0.1320545384516331,"terms_abstract_tfidf__fear, terms_abstract_tfidf__conditioning",32.0
fear_conditioning,77,harvard_oxford_cortical,Temporal Pole,0.5733402363910111,7.152933120727539,4711,False,1.7211243169446138,0.9867898227353423,"terms_abstract_tfidf__fear, terms_abstract_tfidf__conditioning",10.0
fear_conditioning,77,harvard_oxford_cortical,"Superior Temporal Gyrus, anterior division",0.4552559854602173,2.440769910812378,521,False,1.7211243169446138,0.7835521470101635,"terms_abstract_tfidf__fear, terms_abstract_tfidf__conditioning",14.0
fear_conditioning,77,harvard_oxford_cortical,"Superior Temporal Gyrus, posterior division",0.05993446914550385,1.5566272735595703,1830,False,1.7211243169446138,0.10315467226949335,"terms_abstract_tfidf__fear, terms_abstract_tfidf__conditioning",36.0
fear_conditioning,77,harvard_oxford_cortical,"Middle Temporal Gyrus, anterior division",0.055061404066125176,1.0836222171783447,848,False,1.7211243169446138,0.09476752146332107,"terms_abstract_tfidf__fear, terms_abstract_tfidf__conditioning",37.0
fear_conditioning,77,harvard_oxford_cortical,"Middle Temporal Gyrus, posterior division",0.08202868475772367,1.5566272735595703,2525,False,1.7211243169446138,0.14118156402350218,"terms_abstract_tfidf__fear, terms_abstract_tfidf__conditioning",31.0
fear_conditioning,77,harvard_oxford_cortical,"Middle Temporal Gyrus, temporooccipital part",0.04676552363736425,1.5566272735595703,2004,False,1.7211243169446138,0.08048927992691574,"terms_abstract_tfidf__fear, terms_abstract_tfidf__conditioning",39.0
fear_conditioning,77,harvard_oxford_cortical,"Inferior Temporal Gyrus, anterior division",0.03774324407256921,1.0836222171783447,647,False,1.7211243169446138,0.06496081517367452,"terms_abstract_tfidf__fear, terms_abstract_tfidf__conditioning",40.0
fear_conditioning,77,harvard_oxford_cortical,"Inferior Temporal Gyrus, posterior division",0.007328145029493267,1.5566272735595703,1942,False,1.7211243169446138,0.012612648608357665,"terms_abstract_tfidf__fear, terms_abstract_tfidf__conditioning",43.0
fear_conditioning,77,harvard_oxford_cortical,"Inferior Temporal Gyrus, temporooccipital part",0.21660495945790997,2.0077731609344482,1470,False,1.7211243169446138,0.3728040628938111,"terms_abstract_tfidf__fear, terms_abstract_tfidf__conditioning",26.0
fear_conditioning,77,harvard_oxford_cortical,Postcentral Gyrus,0.08320823432614269,2.858365535736084,6895,False,1.7211243169446138,0.1432117154687497,"terms_abstract_tfidf__fear, terms_abstract_tfidf__conditioning",30.0
fear_conditioning,77,harvard_oxford_cortical,Superior Parietal Lobule,0.07088519595409686,1.5566272735595703,2908,False,1.7211243169446138,0.12200223446798004,"terms_abstract_tfidf__fear, terms_abstract_tfidf__conditioning",33.0
fear_conditioning,77,harvard_oxford_cortical,"Supramarginal Gyrus, anterior division",0.3817066170198225,3.2626678943634033,1742,False,1.7211243169446138,0.6569645404914813,"terms_abstract_tfidf__fear, terms_abstract_tfidf__conditioning",17.0
fear_conditioning,77,harvard_oxford_cortical,"Supramarginal Gyrus, posterior division",0.3540305365709775,3.6553401947021484,2259,False,1.7211243169446138,0.6093305654332587,"terms_abstract_tfidf__fear, terms_abstract_tfidf__conditioning",20.0
fear_conditioning,77,harvard_oxford_cortical,Angular Gyrus,0.2730440787071012,3.2626678943634033,2409,False,1.7211243169446138,0.46994280346053086,"terms_abstract_tfidf__fear, terms_abstract_tfidf__conditioning",23.0
fear_conditioning,77,harvard_oxford_cortical,"Lateral Occipital Cortex, superior division",0.0652098851020332,1.5566272735595703,9779,False,1.7211243169446138,0.11223431895427363,"terms_abstract_tfidf__fear, terms_abstract_tfidf__conditioning",35.0
fear_conditioning,77,harvard_oxford_cortical,"Lateral Occipital Cortex, inferior division",0.24991561870363296,2.440769910812378,4089,False,1.7211243169446138,0.4301358485350808,"terms_abstract_tfidf__fear, terms_abstract_tfidf__conditioning",25.0
fear_conditioning,77,harvard_oxford_cortical,Intracalcarine Cortex,0.41621014992736394,2.858365535736084,1401,False,1.7211243169446138,0.7163494099991495,"terms_abstract_tfidf__fear, terms_abstract_tfidf__conditioning",16.0
fear_conditioning,77,harvard_oxford_cortical,Frontal Medial Cortex,1.5686992633568704,5.13331937789917,976,True,1.7211243169446138,2.6999264481366123,"terms_abstract_tfidf__fear, terms_abstract_tfidf__conditioning",
fear_conditioning,77,harvard_oxford_cortical,Juxtapositional Lobule Cortex (formerly Supplementary Motor Cortex),1.0642059517376667,4.410925388336182,1484,False,1.7211243169446138,1.8316307417728843,"terms_abstract_tfidf__fear, terms_abstract_tfidf__conditioning",7.0
fear_conditioning,77,harvard_oxford_cortical,Subcallosal Cortex,1.200624018294277,4.03772497177124,1142,True,1.7211243169446138,2.066423193394035,"terms_abstract_tfidf__fear, terms_abstract_tfidf__conditioning",
fear_conditioning,77,harvard_oxford_cortical,Paracingulate Gyrus,1.6438522684468848,6.500450134277344,2944,True,1.7211243169446138,2.8292741126884984,"terms_abstract_tfidf__fear, terms_abstract_tfidf__conditioning",
fear_conditioning,77,harvard_oxford_cortical,"Cingulate Gyrus, anterior division",2.3451795180868586,7.788513660430908,2592,True,1.7211243169446138,4.036345496179743,"terms_abstract_tfidf__fear, terms_abstract_tfidf__conditioning",
fear_conditioning,77,harvard_oxford_cortical,"Cingulate Gyrus, posterior division",0.37033654864920706,2.440769910812378,2412,False,1.7211243169446138,0.6373952393334922,"terms_abstract_tfidf__fear, terms_abstract_tfidf__conditioning",18.0
fear_conditioning,77,harvard_oxford_cortical,Precuneous Cortex,0.1327071166931046,2.0077731609344482,5623,False,1.7211243169446138,0.2284054455721088,"terms_abstract_tfidf__fear, terms_abstract_tfidf__conditioning",29.0
fear_conditioning,77,harvard_oxford_cortical,Cuneal Cortex,0.03719084257504371,1.0836222171783447,1227,False,1.7211243169446138,0.06401006352356677,"terms_abstract_tfidf__fear, terms_abstract_tfidf__conditioning",41.0
fear_conditioning,77,harvard_oxford_cortical,Frontal Orbital Cortex,1.8472665165381783,7.152933120727539,3148,True,1.7211243169446138,3.179375321491428,"terms_abstract_tfidf__fear, terms_abstract_tfidf__conditioning",
fear_conditioning,77,harvard_oxford_cortical,"Parahippocampal Gyrus, anterior division",2.0057937488891184,9.614056587219238,1248,False,1.7211243169446138,3.4522203959885602,"terms_abstract_tfidf__fear, terms_abstract_tfidf__conditioning",3.0
fear_conditioning,77,harvard_oxford_cortical,"Parahippocampal Gyrus, posterior division",0.5458300967451553,2.858365535736084,710,False,1.7211243169446138,0.9394414524283178,"terms_abstract_tfidf__fear, terms_abstract_tfidf__conditioning",11.0
fear_conditioning,77,harvard_oxford_cortical,Lingual Gyrus,0.32119350807883973,3.2626678943634033,3381,False,1.7211243169446138,0.5528139571992373,"terms_abstract_tfidf__fear, terms_abstract_tfidf__conditioning",21.0
fear_conditioning,77,harvard_oxford_cortical,"Temporal Fusiform Cortex, anterior division",0.0665796055901246,2.0077731609344482,610,False,1.7211243169446138,0.114591778193745,"terms_abstract_tfidf__fear, terms_abstract_tfidf__conditioning",34.0
fear_conditioning,77,harvard_oxford_cortical,"Temporal Fusiform Cortex, posterior division",0.3563338681083252,3.6553401947021484,1594,False,1.7211243169446138,0.6132948853521732,"terms_abstract_tfidf__fear, terms_abstract_tfidf__conditioning",19.0
fear_conditioning,77,harvard_oxford_cortical,Temporal Occipital Fusiform Cortex,1.0312947492927333,3.6553401947021484,1469,False,1.7211243169446138,1.7749864709450225,"terms_abstract_tfidf__fear, terms_abstract_tfidf__conditioning",8.0
fear_conditioning,77,harvard_oxford_cortical,Occipital Fusiform Gyrus,0.5386014188560404,3.2626678943634033,1806,False,1.7211243169446138,0.9269999991340023,"terms_abstract_tfidf__fear, terms_abstract_tfidf__conditioning",12.0
fear_conditioning,77,harvard_oxford_cortical,Frontal Opercular Cortex,3.2335313571592605,7.152933120727539,687,False,1.7211243169446138,5.565309448409722,"terms_abstract_tfidf__fear, terms_abstract_tfidf__conditioning",1.0
fear_conditioning,77,harvard_oxford_cortical,Central Opercular Cortex,1.0809057195565228,4.775863170623779,1886,False,1.7211243169446138,1.8603731182532466,"terms_abstract_tfidf__fear, terms_abstract_tfidf__conditioning",6.0
fear_conditioning,77,harvard_oxford_cortical,Parietal Opercular Cortex,1.081890652190904,3.2626678943634033,1119,False,1.7211243169446138,1.8620683097608324,"terms_abstract_tfidf__fear, terms_abstract_tfidf__conditioning",5.0
fear_conditioning,77,harvard_oxford_cortical,Planum Polare,1.289923589860645,4.03772497177124,749,False,1.7211243169446138,2.2201188575096467,"terms_abstract_tfidf__fear, terms_abstract_tfidf__conditioning",4.0
fear_conditioning,77,harvard_oxford_cortical,Heschl's Gyrus (includes H1 and H2),0.5051386061537739,2.440769910812378,604,False,1.7211243169446138,0.8694063384787685,"terms_abstract_tfidf__fear, terms_abstract_tfidf__conditioning",13.0
fear_conditioning,77,harvard_oxford_cortical,Planum Temporale,0.2629449490551688,3.6553401947021484,952,False,1.7211243169446138,0.45256094583661366,"terms_abstract_tfidf__fear, terms_abstract_tfidf__conditioning",24.0
fear_conditioning,77,harvard_oxford_cortical,Supracalcarine Cortex,0.054470100450789795,2.0077731609344482,261,False,1.7211243169446138,0.09374981443227008,"terms_abstract_tfidf__fear, terms_abstract_tfidf__conditioning",38.0
fear_conditioning,77,harvard_oxford_cortical,Occipital Pole,0.01847745952922978,1.0836222171783447,5276,False,1.7211243169446138,0.03180200491111735,"terms_abstract_tfidf__fear, terms_abstract_tfidf__conditioning",42.0
fear_conditioning,77,harvard_oxford_subcortical,Left Cerebral White Matter,0.3769276495281349,7.788513660430908,31371,False,,,"terms_abstract_tfidf__fear, terms_abstract_tfidf__conditioning",
fear_conditioning,77,harvard_oxford_subcortical,Left Cerebral Cortex,0.3958761607190422,8.100666999816895,65070,False,,,"terms_abstract_tfidf__fear, terms_abstract_tfidf__conditioning",
fear_conditioning,77,harvard_oxford_subcortical,Left Lateral Ventricle,0.05338891302133752,2.440769910812378,1145,False,,,"terms_abstract_tfidf__fear, terms_abstract_tfidf__conditioning",
fear_conditioning,77,harvard_oxford_subcortical,Left Thalamus,1.863080171226643,5.13331937789917,1321,False,,,"terms_abstract_tfidf__fear, terms_abstract_tfidf__conditioning",
fear_conditioning,77,harvard_oxford_subcortical,Left Caudate,0.23592426653882562,2.440769910812378,487,False,,,"terms_abstract_tfidf__fear, terms_abstract_tfidf__conditioning",
fear_conditioning,77,harvard_oxford_subcortical,Left Putamen,1.4029183785742305,5.483962535858154,799,False,,,"terms_abstract_tfidf__fear, terms_abstract_tfidf__conditioning",
fear_conditioning,77,harvard_oxford_subcortical,Left Pallidum,1.7990123235554285,4.775863170623779,267,False,,,"terms_abstract_tfidf__fear, terms_abstract_tfidf__conditioning",
fear_conditioning,77,harvard_oxford_subcortical,Brain-Stem,0.1811340402240402,4.775863170623779,4890,False,,,"terms_abstract_tfidf__fear, terms_abstract_tfidf__conditioning",
fear_conditioning,77,harvard_oxford_subcortical,Left Hippocampus,3.5050005332476495,8.714892387390137,691,False,,,"terms_abstract_tfidf__fear, terms_abstract_tfidf__conditioning",
fear_conditioning,77,harvard_oxford_subcortical,Left Amygdala,7.193147572037441,9.614056587219238,306,False,,,"terms_abstract_tfidf__fear, terms_abstract_tfidf__conditioning",
fear_conditioning,77,harvard_oxford_subcortical,Left Accumbens,1.7490622225437271,3.2626678943634033,89,False,,,"terms_abstract_tfidf__fear, terms_abstract_tfidf__conditioning",
fear_conditioning,77,harvard_oxford_subcortical,Right Cerebral White Matter,0.4768004357963986,11.064589500427246,31361,False,,,"terms_abstract_tfidf__fear, terms_abstract_tfidf__conditioning",
fear_conditioning,77,harvard_oxford_subcortical,Right Cerebral Cortex,0.5396798860474676,10.20074462890625,64054,False,,,"terms_abstract_tfidf__fear, terms_abstract_tfidf__conditioning",
fear_conditioning,77,harvard_oxford_subcortical,Right Lateral Ventricle,0.1326669200713782,3.2626678943634033,1019,False,,,"terms_abstract_tfidf__fear, terms_abstract_tfidf__conditioning",
fear_conditioning,77,harvard_oxford_subcortical,Right Thalamus,2.283657605770688,5.828372001647949,1283,False,,,"terms_abstract_tfidf__fear, terms_abstract_tfidf__conditioning",
fear_conditioning,77,harvard_oxford_subcortical,Right Caudate,0.5378324396747899,3.6553401947021484,511,False,,,"terms_abstract_tfidf__fear, terms_abstract_tfidf__conditioning",
fear_conditioning,77,harvard_oxford_subcortical,Right Putamen,2.0408686065494117,9.01738452911377,796,False,,,"terms_abstract_tfidf__fear, terms_abstract_tfidf__conditioning",
fear_conditioning,77,harvard_oxford_subcortical,Right Pallidum,2.368768306305775,6.500450134277344,260,False,,,"terms_abstract_tfidf__fear, terms_abstract_tfidf__conditioning",
fear_conditioning,77,harvard_oxford_subcortical,Right Hippocampus,3.8568571586268288,9.90857219696045,700,False,,,"terms_abstract_tfidf__fear, terms_abstract_tfidf__conditioning",
fear_conditioning,77,harvard_oxford_subcortical,Right Amygdala,8.856832048280642,12.746058464050293,366,False,,,"terms_abstract_tfidf__fear, terms_abstract_tfidf__conditioning",
fear_conditioning,77,harvard_oxford_subcortical,Right Accumbens,2.310592818827856,3.6553401947021484,84,False,,,"terms_abstract_tfidf__fear, terms_abstract_tfidf__conditioning",
stress,321,harvard_oxford_cortical,Frontal Pole,0.43704302833592373,5.230605125427246,15397,False,2.4537854873939593,1.0724098402973965,terms_abstract_tfidf__stress,24.0
stress,321,harvard_oxford_cortical,Insular Cortex,3.57682834961561,9.16089153289795,2341,False,2.4537854873939593,8.776769495186072,terms_abstract_tfidf__stress,2.0
stress,321,harvard_oxford_cortical,Superior Frontal Gyrus,0.4197155168353338,6.267388820648193,5080,False,2.4537854873939593,1.0298918440445972,terms_abstract_tfidf__stress,25.0
stress,321,harvard_oxford_cortical,Middle Frontal Gyrus,0.6687585934015527,4.5861287117004395,5316,False,2.4537854873939593,1.6409901310587278,terms_abstract_tfidf__stress,14.0
stress,321,harvard_oxford_cortical,"Inferior Frontal Gyrus, pars triangularis",1.927225554532499,4.802995681762695,1103,False,2.4537854873939593,4.728998096646621,terms_abstract_tfidf__stress,5.0
stress,321,harvard_oxford_cortical,"Inferior Frontal Gyrus, pars opercularis",2.4644810058219586,5.857863426208496,1384,False,2.4537854873939593,6.047307726043989,terms_abstract_tfidf__stress,3.0
stress,321,harvard_oxford_cortical,Precentral Gyrus,0.5621815931765045,5.230605125427246,8573,False,2.4537854873939593,1.3794730346165216,terms_abstract_tfidf__stress,19.0
stress,321,harvard_oxford_cortical,Temporal Pole,0.3186384617928056,6.267388820648193,4711,False,2.4537854873939593,0.7818704332727209,terms_abstract_tfidf__stress,29.0
stress,321,harvard_oxford_cortical,"Superior Temporal Gyrus, anterior division",0.4641813145031627,2.524106979370117,521,False,2.4537854873939593,1.1390013730473119,terms_abstract_tfidf__stress,23.0
stress,321,harvard_oxford_cortical,"Superior Temporal Gyrus, posterior division",0.4196778782404186,3.0017895698547363,1830,False,2.4537854873939593,1.0297994870066283,terms_abstract_tfidf__stress,26.0
stress,321,harvard_oxford_cortical,"Middle Temporal Gyrus, anterior division",0.3815125739026182,2.524106979370117,848,False,2.4537854873939593,0.93615001710056,terms_abstract_tfidf__stress,28.0
stress,321,harvard_oxford_cortical,"Middle Temporal Gyrus, posterior division",0.21445110339929563,3.236034393310547,2525,False,2.4537854873939593,0.526217005276813,terms_abstract_tfidf__stress,35.0
stress,321,harvard_oxford_cortical,"Middle Temporal Gyrus, temporooccipital part",0.20174653716608434,2.524106979370117,2004,False,2.4537854873939593,0.4950427250301238,terms_abstract_tfidf__stress,37.0
stress,321,harvard_oxford_cortical,"Inferior Temporal Gyrus, anterior division",0.0032528673616774853,0.7336307764053345,647,False,2.4537854873939593,0.007981838724501691,terms_abstract_tfidf__stress,41.0
stress,321,harvard_oxford_cortical,"Inferior Temporal Gyrus, posterior division",0.0001837043235525412,0.17837689816951752,1942,False,2.4537854873939593,0.0004507710031047499,terms_abstract_tfidf__stress,43.0
stress,321,harvard_oxford_cortical,"Inferior Temporal Gyrus, temporooccipital part",0.13508408869407615,2.032954692840576,1470,False,2.4537854873939593,0.33146737641536245,terms_abstract_tfidf__stress,39.0
stress,321,harvard_oxford_cortical,Postcentral Gyrus,0.2052525519092849,3.4674253463745117,6895,False,2.4537854873939593,0.5036457331255786,terms_abstract_tfidf__stress,36.0
stress,321,harvard_oxford_cortical,Superior Parietal Lobule,0.5980166947210344,4.802995681762695,2908,False,2.4537854873939593,1.467404686725778,terms_abstract_tfidf__stress,16.0
stress,321,harvard_oxford_cortical,"Supramarginal Gyrus, anterior division",0.5310945923426258,4.1458282470703125,1742,False,2.4537854873939593,1.3031922031237462,terms_abstract_tfidf__stress,21.0
stress,321,harvard_oxford_cortical,"Supramarginal Gyrus, posterior division",0.6362458138787256,3.69610333442688,2259,False,2.4537854873939593,1.561210744510775,terms_abstract_tfidf__stress,15.0
stress,321,harvard_oxford_cortical,Angular Gyrus,0.6828147209917871,4.1458282470703125,2409,False,2.4537854873939593,1.6754808529486025,terms_abstract_tfidf__stress,13.0
stress,321,harvard_oxford_cortical,"Lateral Occipital Cortex, superior division",0.31664694543660865,4.1458282470703125,9779,False,2.4537854873939593,0.7769836793399771,terms_abstract_tfidf__stress,30.0
stress,321,harvard_oxford_cortical,"Lateral Occipital Cortex, inferior division",0.24998131989120825,2.7645366191864014,4089,False,2.4537854873939593,0.6134005348686337,terms_abstract_tfidf__stress,33.0
stress,321,harvard_oxford_cortical,Intracalcarine Cortex,0.31621853034041936,2.032954692840576,1401,False,2.4537854873939593,0.7759324405943674,terms_abstract_tfidf__stress,31.0
stress,321,harvard_oxford_cortical,Frontal Medial Cortex,2.1285823766050522,7.264243125915527,976,True,2.4537854873939593,5.22308454443602,terms_abstract_tfidf__stress,
stress,321,harvard_oxford_cortical,Juxtapositional Lobule Cortex (formerly Supplementary Motor Cortex),2.1872692512112324,8.037075996398926,1484,False,2.4537854873939593,5.367089545645174,terms_abstract_tfidf__stress,4.0
stress,321,harvard_oxford_cortical,Subcallosal Cortex,1.5144067336063043,5.441506862640381,1142,True,2.4537854873939593,3.716029264934839,terms_abstract_tfidf__stress,
stress,321,harvard_oxford_cortical,Paracingulate Gyrus,3.691965450745319,9.16089153289795,2944,True,2.4537854873939593,9.05929124299876,terms_abstract_tfidf__stress,
stress,321,harvard_oxford_cortical,"Cingulate Gyrus, anterior division",3.3872185161360253,9.344460487365723,2592,True,2.4537854873939593,8.311507637526681,terms_abstract_tfidf__stress,
stress,321,harvard_oxford_cortical,"Cingulate Gyrus, posterior division",1.4237212153278278,5.230605125427246,2412,False,2.4537854873939593,3.493506456266314,terms_abstract_tfidf__stress,10.0
stress,321,harvard_oxford_cortical,Precuneous Cortex,0.5706018395622536,5.230605125427246,5623,False,2.4537854873939593,1.4001345129981544,terms_abstract_tfidf__stress,18.0
stress,321,harvard_oxford_cortical,Cuneal Cortex,0.1634684433491131,2.2803149223327637,1227,False,2.4537854873939593,0.40111649393693527,terms_abstract_tfidf__stress,38.0
stress,321,harvard_oxford_cortical,Frontal Orbital Cortex,1.5467543598770943,7.84575891494751,3148,True,2.4537854873939593,3.7954034008297475,terms_abstract_tfidf__stress,
stress,321,harvard_oxford_cortical,"Parahippocampal Gyrus, anterior division",1.1786234205564818,7.264243125915527,1248,False,2.4537854873939593,2.892089044464122,terms_abstract_tfidf__stress,11.0
stress,321,harvard_oxford_cortical,"Parahippocampal Gyrus, posterior division",1.6237012459148823,4.5861287117004395,710,False,2.4537854873939593,3.9842145530894286,terms_abstract_tfidf__stress,7.0
stress,321,harvard_oxford_cortical,Lingual Gyrus,0.24839776988408158,3.9221978187561035,3381,False,2.4537854873939593,0.6095148428425836,terms_abstract_tfidf__stress,34.0
stress,321,harvard_oxford_cortical,"Temporal Fusiform Cortex, anterior division",0.002539920171753305,0.7336307764053345,610,False,2.4537854873939593,0.006232419256587432,terms_abstract_tfidf__stress,42.0
stress,321,harvard_oxford_cortical,"Temporal Fusiform Cortex, posterior division",0.47870914117343155,5.017794132232666,1594,False,2.4537854873939593,1.1746495432941924,terms_abstract_tfidf__stress,22.0
stress,321,harvard_oxford_cortical,Temporal Occipital Fusiform Cortex,0.5915322731026506,3.4674253463745117,1469,False,2.4537854873939593,1.451493307064444,terms_abstract_tfidf__stress,17.0
stress,321,harvard_oxford_cortical,Occipital Fusiform Gyrus,0.25400601324118915,3.0017895698547363,1806,False,2.4537854873939593,0.6232762690020278,terms_abstract_tfidf__stress,32.0
stress,321,harvard_oxford_cortical,Frontal Opercular Cortex,4.5481353231219055,8.790668487548828,687,False,2.4537854873939593,11.160148450580367,terms_abstract_tfidf__stress,1.0
stress,321,harvard_oxford_cortical,Central Opercular Cortex,1.4494970590824288,6.267388820648193,1886,False,2.4537854873939593,3.556754847596688,terms_abstract_tfidf__stress,9.0
stress,321,harvard_oxford_cortical,Parietal Opercular Cortex,0.9942342305391147,4.5861287117004395,1119,False,2.4537854873939593,2.43963752596718,terms_abstract_tfidf__stress,12.0
stress,321,harvard_oxford_cortical,Planum Polare,1.7177198543965577,4.367104530334473,749,False,2.4537854873939593,4.214916050126738,terms_abstract_tfidf__stress,6.0
stress,321,harvard_oxford_cortical,Heschl's Gyrus (includes H1 and H2),1.5567467121641763,3.69610333442688,604,False,2.4537854873939593,3.819922489856717,terms_abstract_tfidf__stress,8.0
stress,321,harvard_oxford_cortical,Planum Temporale,0.5350779163486817,2.7645366191864014,952,False,2.4537854873939593,1.3129664257613942,terms_abstract_tfidf__stress,20.0
stress,321,harvard_oxford_cortical,Supracalcarine Cortex,0.3887973544241368,1.7817989587783813,261,False,2.4537854873939593,0.9540253058231125,terms_abstract_tfidf__stress,27.0
stress,321,harvard_oxford_cortical,Occipital Pole,0.0833864477466597,2.032954692840576,5276,False,2.4537854873939593,0.20461245532608827,terms_abstract_tfidf__stress,40.0
stress,321,harvard_oxford_subcortical,Left Cerebral White Matter,0.7684284955104489,11.129228591918945,31371,False,,,terms_abstract_tfidf__stress,
stress,321,harvard_oxford_subcortical,Left Cerebral Cortex,0.860479009741597,10.954598426818848,65070,False,,,terms_abstract_tfidf__stress,
stress,321,harvard_oxford_subcortical,Left Lateral Ventricle,0.4684313570958558,6.4697370529174805,1145,False,,,terms_abstract_tfidf__stress,
stress,321,harvard_oxford_subcortical,Left Thalamus,2.606545032492016,6.063449859619141,1321,False,,,terms_abstract_tfidf__stress,
stress,321,harvard_oxford_subcortical,Left Caudate,2.8014452338708256,7.264243125915527,487,False,,,terms_abstract_tfidf__stress,
stress,321,harvard_oxford_subcortical,Left Putamen,4.118564795623434,8.976304054260254,799,False,,,terms_abstract_tfidf__stress,
stress,321,harvard_oxford_subcortical,Left Pallidum,5.259875397557177,8.976304054260254,267,False,,,terms_abstract_tfidf__stress,
stress,321,harvard_oxford_subcortical,Brain-Stem,0.1791598264973588,3.9221978187561035,4890,False,,,terms_abstract_tfidf__stress,
stress,321,harvard_oxford_subcortical,Left Hippocampus,4.424541119814954,9.527033805847168,691,False,,,terms_abstract_tfidf__stress,
stress,321,harvard_oxford_subcortical,Left Amygdala,8.305471851934794,11.990933418273926,306,False,,,terms_abstract_tfidf__stress,
stress,321,harvard_oxford_subcortical,Left Accumbens,4.924197494313958,7.459380149841309,89,False,,,terms_abstract_tfidf__stress,
stress,321,harvard_oxford_subcortical,Right Cerebral White Matter,0.5421513750113827,7.264243125915527,31361,False,,,terms_abstract_tfidf__stress,
stress,321,harvard_oxford_subcortical,Right Cerebral Cortex,0.6650278228014483,9.16089153289795,64054,False,,,terms_abstract_tfidf__stress,
stress,321,harvard_oxford_subcortical,Right Lateral Ventricle,0.4492033051292141,5.857863426208496,1019,False,,,terms_abstract_tfidf__stress,
stress,321,harvard_oxford_subcortical,Right Thalamus,2.600348334222312,5.230605125427246,1283,False,,,terms_abstract_tfidf__stress,
stress,321,harvard_oxford_subcortical,Right Caudate,2.4305198732945783,6.063449859619141,511,False,,,terms_abstract_tfidf__stress,
stress,321,harvard_oxford_subcortical,Right Putamen,2.442492126969237,6.267388820648193,796,False,,,terms_abstract_tfidf__stress,
stress,321,harvard_oxford_subcortical,Right Pallidum,3.3978231957325566,6.267388820648193,260,False,,,terms_abstract_tfidf__stress,
stress,321,harvard_oxford_subcortical,Right Hippocampus,4.2040883037022185,8.603958129882812,700,False,,,terms_abstract_tfidf__stress,
stress,321,harvard_oxford_subcortical,Right Amygdala,6.964033605622464,10.425817489624023,366,False,,,terms_abstract_tfidf__stress,
stress,321,harvard_oxford_subcortical,Right Accumbens,4.723525410606747,6.4697370529174805,84,False,,,terms_abstract_tfidf__stress,
amygdala,1579,harvard_oxford_cortical,Frontal Pole,0.8431851948191839,10.218293190002441,15397,False,5.770496467759316,4.865597188371051,terms_abstract_tfidf__amygdala,30.0
amygdala,1579,harvard_oxford_cortical,Insular Cortex,8.226149464649893,14.121426582336426,2341,False,5.770496467759316,47.4689664290224,terms_abstract_tfidf__amygdala,2.0
amygdala,1579,harvard_oxford_cortical,Superior Frontal Gyrus,1.0896393934701107,11.931188583374023,5080,False,5.770496467759316,6.2877602711506775,terms_abstract_tfidf__amygdala,27.0
amygdala,1579,harvard_oxford_cortical,Middle Frontal Gyrus,1.4893714002308354,11.753287315368652,5316,False,5.770496467759316,8.594412404213783,terms_abstract_tfidf__amygdala,21.0
amygdala,1579,harvard_oxford_cortical,"Inferior Frontal Gyrus, pars triangularis",6.393983965746362,12.987531661987305,1103,False,5.770496467759316,36.89646188924909,terms_abstract_tfidf__amygdala,4.0
amygdala,1579,harvard_oxford_cortical,"Inferior Frontal Gyrus, pars opercularis",6.094728274783995,12.285382270812988,1384,False,5.770496467759316,35.16960798159387,terms_abstract_tfidf__amygdala,6.0
amygdala,1579,harvard_oxford_cortical,Precentral Gyrus,0.918059565653827,11.931188583374023,8573,False,5.770496467759316,5.29765948079806,terms_abstract_tfidf__amygdala,29.0
amygdala,1579,harvard_oxford_cortical,Temporal Pole,1.8581614105316162,14.121426582336426,4711,False,5.770496467759316,10.72251385599936,terms_abstract_tfidf__amygdala,18.0
amygdala,1579,harvard_oxford_cortical,"Superior Temporal Gyrus, anterior division",2.109695016481554,6.221041679382324,521,False,5.770496467759316,12.173987640656241,terms_abstract_tfidf__amygdala,14.0
amygdala,1579,harvard_oxford_cortical,"Superior Temporal Gyrus, posterior division",1.8278747656581098,7.299929141998291,1830,False,5.770496467759316,10.547744878736511,terms_abstract_tfidf__amygdala,19.0
amygdala,1579,harvard_oxford_cortical,"Middle Temporal Gyrus, anterior division",1.3036206245196122,6.517797470092773,848,False,5.770496467759316,7.522538209088617,terms_abstract_tfidf__amygdala,24.0
amygdala,1579,harvard_oxford_cortical,"Middle Temporal Gyrus, posterior division",0.9654007159485158,5.722045421600342,2525,False,5.770496467759316,5.570841421353226,terms_abstract_tfidf__amygdala,28.0
amygdala,1579,harvard_oxford_cortical,"Middle Temporal Gyrus, temporooccipital part",2.2977340219418303,8.638687133789062,2004,False,5.770496467759316,13.25906605746574,terms_abstract_tfidf__amygdala,11.0
amygdala,1579,harvard_oxford_cortical,"Inferior Temporal Gyrus, anterior division",0.0,0.0,647,False,5.770496467759316,0.0,terms_abstract_tfidf__amygdala,42.0
amygdala,1579,harvard_oxford_cortical,"Inferior Temporal Gyrus, posterior division",0.06364998175406754,7.878166198730469,1942,False,5.770496467759316,0.36729199488479164,terms_abstract_tfidf__amygdala,39.0
amygdala,1579,harvard_oxford_cortical,"Inferior Temporal Gyrus, temporooccipital part",2.568688789353117,13.161808013916016,1470,False,5.770496467759316,14.822609585735115,terms_abstract_tfidf__amygdala,10.0
amygdala,1579,harvard_oxford_cortical,Postcentral Gyrus,0.04637298017586267,3.134676694869995,6895,False,5.770496467759316,0.26759511830428834,terms_abstract_tfidf__amygdala,40.0
amygdala,1579,harvard_oxford_cortical,Superior Parietal Lobule,0.5992018004726911,4.706542015075684,2908,False,5.770496467759316,3.4576918731026867,terms_abstract_tfidf__amygdala,32.0
amygdala,1579,harvard_oxford_cortical,"Supramarginal Gyrus, anterior division",0.5434879272396705,3.7709128856658936,1742,False,5.770496467759316,3.136195164406351,terms_abstract_tfidf__amygdala,33.0
amygdala,1579,harvard_oxford_cortical,"Supramarginal Gyrus, posterior division",1.3049689268226636,8.354849815368652,2259,False,5.770496467759316,7.5303185827658465,terms_abstract_tfidf__amygdala,23.0
amygdala,1579,harvard_oxford_cortical,Angular Gyrus,1.9726430281245562,8.259880065917969,2409,False,5.770496467759316,11.383129625942793,terms_abstract_tfidf__amygdala,15.0
amygdala,1579,harvard_oxford_cortical,"Lateral Occipital Cortex, superior division",0.4921079930756613,7.878166198730469,9779,False,5.770496467759316,2.8397074357992294,terms_abstract_tfidf__amygdala,34.0
amygdala,1579,harvard_oxford_cortical,"Lateral Occipital Cortex, inferior division",3.1087368057152918,9.850845336914062,4089,False,5.770496467759316,17.93895475657347,terms_abstract_tfidf__amygdala,9.0
amygdala,1579,harvard_oxford_cortical,Intracalcarine Cortex,0.14115198948244423,2.5962440967559814,1401,False,5.770496467759316,0.8145170567256446,terms_abstract_tfidf__amygdala,37.0
amygdala,1579,harvard_oxford_cortical,Frontal Medial Cortex,4.779972378105368,13.335594177246094,976,True,5.770496467759316,27.582813723844126,terms_abstract_tfidf__amygdala,
amygdala,1579,harvard_oxford_cortical,Juxtapositional Lobule Cortex (formerly Supplementary Motor Cortex),2.2318503535616228,10.9458646774292,1484,False,5.770496467759316,12.878884581794726,terms_abstract_tfidf__amygdala,13.0
amygdala,1579,harvard_oxford_cortical,Subcallosal Cortex,3.67178012402981,10.58327579498291,1142,True,5.770496467759316,21.187994236102885,terms_abstract_tfidf__amygdala,
amygdala,1579,harvard_oxford_cortical,Paracingulate Gyrus,7.418189351664573,14.121426582336426,2944,True,5.770496467759316,42.80663545095019,terms_abstract_tfidf__amygdala,
amygdala,1579,harvard_oxford_cortical,"Cingulate Gyrus, anterior division",6.082662611373379,13.422304153442383,2592,True,5.770496467759316,35.09998311350174,terms_abstract_tfidf__amygdala,
amygdala,1579,harvard_oxford_cortical,"Cingulate Gyrus, posterior division",1.4603163583461307,9.108253479003906,2412,False,5.770496467759316,8.426750387647495,terms_abstract_tfidf__amygdala,22.0
amygdala,1579,harvard_oxford_cortical,Precuneous Cortex,0.6973864659729954,8.638687133789062,5623,False,5.770496467759316,4.024266138560322,terms_abstract_tfidf__amygdala,31.0
amygdala,1579,harvard_oxford_cortical,Cuneal Cortex,0.0,0.0,1227,False,5.770496467759316,0.0,terms_abstract_tfidf__amygdala,42.0
amygdala,1579,harvard_oxford_cortical,Frontal Orbital Cortex,6.899877873623449,14.121426582336426,3148,True,5.770496467759316,39.815720897714776,terms_abstract_tfidf__amygdala,
amygdala,1579,harvard_oxford_cortical,"Parahippocampal Gyrus, anterior division",6.128354873730971,14.121426582336426,1248,False,5.770496467759316,35.36365015204016,terms_abstract_tfidf__amygdala,5.0
amygdala,1579,harvard_oxford_cortical,"Parahippocampal Gyrus, posterior division",3.824499035242315,10.492257118225098,710,False,5.770496467759316,22.069258173814692,terms_abstract_tfidf__amygdala,7.0
amygdala,1579,harvard_oxford_cortical,Lingual Gyrus,0.40390171262421015,6.517797470092773,3381,False,5.770496467759316,2.3307134060199433,terms_abstract_tfidf__amygdala,35.0
amygdala,1579,harvard_oxford_cortical,"Temporal Fusiform Cortex, anterior division",0.10024496623711875,5.6215667724609375,610,False,5.770496467759316,0.5784632235819457,terms_abstract_tfidf__amygdala,38.0
amygdala,1579,harvard_oxford_cortical,"Temporal Fusiform Cortex, posterior division",1.3016088365508802,11.216277122497559,1594,False,5.770496467759316,7.510929193721167,terms_abstract_tfidf__amygdala,25.0
amygdala,1579,harvard_oxford_cortical,Temporal Occipital Fusiform Cortex,7.28012766970139,13.68170166015625,1469,False,5.770496467759316,42.00995100284873,terms_abstract_tfidf__amygdala,3.0
amygdala,1579,harvard_oxford_cortical,Occipital Fusiform Gyrus,1.966215084723567,10.674144744873047,1806,False,5.770496467759316,11.346037201252429,terms_abstract_tfidf__amygdala,16.0
amygdala,1579,harvard_oxford_cortical,Frontal Opercular Cortex,10.88191954466193,14.121426582336426,687,False,5.770496467759316,62.79407829491273,terms_abstract_tfidf__amygdala,1.0
amygdala,1579,harvard_oxford_cortical,Central Opercular Cortex,2.2401308246262563,12.019936561584473,1886,False,5.770496467759316,12.926667010824577,terms_abstract_tfidf__amygdala,12.0
amygdala,1579,harvard_oxford_cortical,Parietal Opercular Cortex,1.190220405127507,4.293368816375732,1119,False,5.770496467759316,6.868162643643341,terms_abstract_tfidf__amygdala,26.0
amygdala,1579,harvard_oxford_cortical,Planum Polare,3.5459614968069086,10.218293190002441,749,False,5.770496467759316,20.461958292134803,terms_abstract_tfidf__amygdala,8.0
amygdala,1579,harvard_oxford_cortical,Heschl's Gyrus (includes H1 and H2),1.8584121165963643,4.809193134307861,604,False,5.770496467759316,10.723960554460435,terms_abstract_tfidf__amygdala,17.0
amygdala,1579,harvard_oxford_cortical,Planum Temporale,1.6026305911647736,4.911592960357666,952,False,5.770496467759316,9.24797416543935,terms_abstract_tfidf__amygdala,20.0
amygdala,1579,harvard_oxford_cortical,Supracalcarine Cortex,0.04339194934907944,1.8289037942886353,261,False,5.770496467759316,0.2503930904480541,terms_abstract_tfidf__amygdala,41.0
amygdala,1579,harvard_oxford_cortical,Occipital Pole,0.19887070292910566,5.318730354309082,5276,False,5.770496467759316,1.1475826887932166,terms_abstract_tfidf__amygdala,36.0
amygdala,1579,harvard_oxford_subcortical,Left Cerebral White Matter,1.4019358344501516,14.121426582336426,31371,False,,,terms_abstract_tfidf__amygdala,
amygdala,1579,harvard_oxford_subcortical,Left Cerebral Cortex,1.912465484763742,14.121426582336426,65070,False,,,terms_abstract_tfidf__amygdala,
amygdala,1579,harvard_oxford_subcortical,Left Lateral Ventricle,0.3953309196214228,10.492257118225098,1145,False,,,terms_abstract_tfidf__amygdala,
amygdala,1579,harvard_oxford_subcortical,Left Thalamus,5.596997709217623,12.549647331237793,1321,False,,,terms_abstract_tfidf__amygdala,
amygdala,1579,harvard_oxford_subcortical,Left Caudate,3.592113477517363,13.422304153442383,487,False,,,terms_abstract_tfidf__amygdala,
amygdala,1579,harvard_oxford_subcortical,Left Putamen,7.081808293036048,14.121426582336426,799,False,,,terms_abstract_tfidf__amygdala,
amygdala,1579,harvard_oxford_subcortical,Left Pallidum,9.482875150687686,14.121426582336426,267,False,,,terms_abstract_tfidf__amygdala,
amygdala,1579,harvard_oxford_subcortical,Brain-Stem,0.7008046201395027,10.855438232421875,4890,False,,,terms_abstract_tfidf__amygdala,
amygdala,1579,harvard_oxford_subcortical,Left Hippocampus,10.461470052266328,14.121426582336426,691,False,,,terms_abstract_tfidf__amygdala,
amygdala,1579,harvard_oxford_subcortical,Left Amygdala,14.121426582336426,14.121426582336426,306,False,,,terms_abstract_tfidf__amygdala,
amygdala,1579,harvard_oxford_subcortical,Left Accumbens,11.276696564106459,14.121426582336426,89,False,,,terms_abstract_tfidf__amygdala,
amygdala,1579,harvard_oxford_subcortical,Right Cerebral White Matter,1.4735076791477335,14.121426582336426,31361,False,,,terms_abstract_tfidf__amygdala,
amygdala,1579,harvard_oxford_subcortical,Right Cerebral Cortex,1.903131855072673,14.121426582336426,64054,False,,,terms_abstract_tfidf__amygdala,
amygdala,1579,harvard_oxford_subcortical,Right Lateral Ventricle,0.5343473736339334,13.508893966674805,1019,False,,,terms_abstract_tfidf__amygdala,
amygdala,1579,harvard_oxford_subcortical,Right Thalamus,5.3183907489615345,11.931188583374023,1283,False,,,terms_abstract_tfidf__amygdala,
amygdala,1579,harvard_oxford_subcortical,Right Caudate,4.047547164426865,14.121426582336426,511,False,,,terms_abstract_tfidf__amygdala,
amygdala,1579,harvard_oxford_subcortical,Right Putamen,7.347536578139141,14.121426582336426,796,False,,,terms_abstract_tfidf__amygdala,
amygdala,1579,harvard_oxford_subcortical,Right Pallidum,9.24721419100578,14.121426582336426,260,False,,,terms_abstract_tfidf__amygdala,
amygdala,1579,harvard_oxford_subcortical,Right Hippocampus,10.36252201730718,14.121426582336426,700,False,,,terms_abstract_tfidf__amygdala,
amygdala,1579,harvard_oxford_subcortical,Right Amygdala,14.121426582336426,14.121426582336426,366,False,,,terms_abstract_tfidf__amygdala,
amygdala,1579,harvard_oxford_subcortical,Right Accumbens,11.381785387084598,14.121426582336426,84,False,,,terms_abstract_tfidf__amygdala,
